ts,lane,path,level,step,idx,totalInSession,sinceBlockSec,targetRate,predictedTrip,status,class,ms,bytes,retryAfter,blocked,err
2026-08-01T02:07:02.323Z,reload_probe,/faq,первый заход,,0,1,,,,200,ok,1063,,,False,
2026-08-01T02:07:03.386Z,reload_probe,/faq,10 перезагрузок каждые 2000 мс,,1,2,,,,200,ok,287,,,False,
2026-08-01T02:07:05.675Z,reload_probe,/faq,10 перезагрузок каждые 2000 мс,,2,3,,,,200,ok,319,,,False,
2026-08-01T02:07:07.995Z,reload_probe,/faq,10 перезагрузок каждые 2000 мс,,3,4,,,,200,ok,300,,,False,
2026-08-01T02:07:10.297Z,reload_probe,/faq,10 перезагрузок каждые 2000 мс,,4,5,,,,200,ok,271,,,False,
2026-08-01T02:07:12.569Z,reload_probe,/faq,10 перезагрузок каждые 2000 мс,,5,6,,,,200,ok,320,,,False,
2026-08-01T02:07:14.893Z,reload_probe,/faq,10 перезагрузок каждые 2000 мс,,6,7,,,,200,ok,304,,,False,
2026-08-01T02:07:17.199Z,reload_probe,/faq,10 перезагрузок каждые 2000 мс,,7,8,,,,200,ok,526,,,False,
2026-08-01T02:07:19.726Z,reload_probe,/faq,10 перезагрузок каждые 2000 мс,,8,9,,,,200,ok,330,,,False,
2026-08-01T02:07:22.057Z,reload_probe,/faq,10 перезагрузок каждые 2000 мс,,9,10,,,,200,ok,296,,,False,
2026-08-01T02:07:24.353Z,reload_probe,/faq,10 перезагрузок каждые 2000 мс,,10,11,,,,200,ok,315,,,False,
2026-08-01T02:07:46.669Z,reload_probe,/faq,20 перезагрузок каждые 1000 мс,,1,12,,,,200,ok,309,,,False,
2026-08-01T02:07:47.980Z,reload_probe,/faq,20 перезагрузок каждые 1000 мс,,2,13,,,,200,ok,315,,,False,
2026-08-01T02:07:49.297Z,reload_probe,/faq,20 перезагрузок каждые 1000 мс,,3,14,,,,200,ok,308,,,False,
2026-08-01T02:07:50.607Z,reload_probe,/faq,20 перезагрузок каждые 1000 мс,,4,15,,,,200,ok,310,,,False,
2026-08-01T02:07:51.918Z,reload_probe,/faq,20 перезагрузок каждые 1000 мс,,5,16,,,,200,ok,396,,,False,
2026-08-01T02:07:53.315Z,reload_probe,/faq,20 перезагрузок каждые 1000 мс,,6,17,,,,200,ok,297,,,False,
2026-08-01T02:07:54.615Z,reload_probe,/faq,20 перезагрузок каждые 1000 мс,,7,18,,,,200,ok,392,,,False,
2026-08-01T02:07:56.008Z,reload_probe,/faq,20 перезагрузок каждые 1000 мс,,8,19,,,,200,ok,488,,,False,
2026-08-01T02:07:57.498Z,reload_probe,/faq,20 перезагрузок каждые 1000 мс,,9,20,,,,200,ok,302,,,False,
2026-08-01T02:07:58.802Z,reload_probe,/faq,20 перезагрузок каждые 1000 мс,,10,21,,,,200,ok,308,,,False,
2026-08-01T02:08:00.111Z,reload_probe,/faq,20 перезагрузок каждые 1000 мс,,11,22,,,,200,ok,306,,,False,
2026-08-01T02:08:01.418Z,reload_probe,/faq,20 перезагрузок каждые 1000 мс,,12,23,,,,200,ok,310,,,False,
2026-08-01T02:08:02.733Z,reload_probe,/faq,20 перезагрузок каждые 1000 мс,,13,24,,,,200,ok,308,,,False,
2026-08-01T02:08:04.041Z,reload_probe,/faq,20 перезагрузок каждые 1000 мс,,14,25,,,,200,ok,307,,,False,
2026-08-01T02:08:05.348Z,reload_probe,/faq,20 перезагрузок каждые 1000 мс,,15,26,,,,200,ok,315,,,False,
2026-08-01T02:08:06.665Z,reload_probe,/faq,20 перезагрузок каждые 1000 мс,,16,27,,,,200,ok,312,,,False,
2026-08-01T02:08:07.978Z,reload_probe,/faq,20 перезагрузок каждые 1000 мс,,17,28,,,,200,ok,307,,,False,
2026-08-01T02:08:09.287Z,reload_probe,/faq,20 перезагрузок каждые 1000 мс,,18,29,,,,200,ok,307,,,False,
2026-08-01T02:08:10.595Z,reload_probe,/faq,20 перезагрузок каждые 1000 мс,,19,30,,,,200,ok,309,,,False,
2026-08-01T02:08:11.907Z,reload_probe,/faq,20 перезагрузок каждые 1000 мс,,20,31,,,,200,ok,315,,,False,
2026-08-01T02:08:33.225Z,reload_probe,/faq,30 перезагрузок каждые 600 мс,,1,32,,,,200,ok,316,,,False,
2026-08-01T02:08:34.143Z,reload_probe,/faq,30 перезагрузок каждые 600 мс,,2,33,,,,200,ok,318,,,False,
2026-08-01T02:08:35.063Z,reload_probe,/faq,30 перезагрузок каждые 600 мс,,3,34,,,,200,ok,293,,,False,
2026-08-01T02:08:35.957Z,reload_probe,/faq,30 перезагрузок каждые 600 мс,,4,35,,,,200,ok,314,,,False,
2026-08-01T02:08:36.872Z,reload_probe,/faq,30 перезагрузок каждые 600 мс,,5,36,,,,200,ok,325,,,False,
2026-08-01T02:08:37.798Z,reload_probe,/faq,30 перезагрузок каждые 600 мс,,6,37,,,,200,ok,318,,,False,
2026-08-01T02:08:38.718Z,reload_probe,/faq,30 перезагрузок каждые 600 мс,,7,38,,,,200,ok,312,,,False,
2026-08-01T02:08:39.632Z,reload_probe,/faq,30 перезагрузок каждые 600 мс,,8,39,,,,200,ok,538,,,False,
2026-08-01T02:08:40.772Z,reload_probe,/faq,30 перезагрузок каждые 600 мс,,9,40,,,,200,ok,457,,,False,
2026-08-01T02:08:41.831Z,reload_probe,/faq,30 перезагрузок каждые 600 мс,,10,41,,,,200,ok,381,,,False,
2026-08-01T02:08:42.813Z,reload_probe,/faq,30 перезагрузок каждые 600 мс,,11,42,,,,200,ok,307,,,False,
2026-08-01T02:08:43.722Z,reload_probe,/faq,30 перезагрузок каждые 600 мс,,12,43,,,,200,ok,316,,,False,
2026-08-01T02:08:44.639Z,reload_probe,/faq,30 перезагрузок каждые 600 мс,,13,44,,,,200,ok,317,,,False,
2026-08-01T02:08:45.557Z,reload_probe,/faq,30 перезагрузок каждые 600 мс,,14,45,,,,200,ok,315,,,False,
2026-08-01T02:08:46.472Z,reload_probe,/faq,30 перезагрузок каждые 600 мс,,15,46,,,,200,ok,303,,,False,
2026-08-01T02:08:47.379Z,reload_probe,/faq,30 перезагрузок каждые 600 мс,,16,47,,,,200,ok,317,,,False,
2026-08-01T02:08:48.297Z,reload_probe,/faq,30 перезагрузок каждые 600 мс,,17,48,,,,200,ok,307,,,False,
2026-08-01T02:08:49.206Z,reload_probe,/faq,30 перезагрузок каждые 600 мс,,18,49,,,,200,ok,304,,,False,
2026-08-01T02:08:50.110Z,reload_probe,/faq,30 перезагрузок каждые 600 мс,,19,50,,,,200,ok,315,,,False,
2026-08-01T02:08:51.025Z,reload_probe,/faq,30 перезагрузок каждые 600 мс,,20,51,,,,200,ok,307,,,False,
2026-08-01T02:08:51.933Z,reload_probe,/faq,30 перезагрузок каждые 600 мс,,21,52,,,,200,ok,376,,,False,
2026-08-01T02:08:52.911Z,reload_probe,/faq,30 перезагрузок каждые 600 мс,,22,53,,,,200,ok,310,,,False,
2026-08-01T02:08:53.822Z,reload_probe,/faq,30 перезагрузок каждые 600 мс,,23,54,,,,200,ok,307,,,False,
2026-08-01T02:08:54.730Z,reload_probe,/faq,30 перезагрузок каждые 600 мс,,24,55,,,,200,ok,303,,,False,
2026-08-01T02:08:55.636Z,reload_probe,/faq,30 перезагрузок каждые 600 мс,,25,56,,,,200,ok,313,,,False,
2026-08-01T02:08:56.550Z,reload_probe,/faq,30 перезагрузок каждые 600 мс,,26,57,,,,200,ok,306,,,False,
2026-08-01T02:08:57.457Z,reload_probe,/faq,30 перезагрузок каждые 600 мс,,27,58,,,,200,ok,310,,,False,
2026-08-01T02:08:58.368Z,reload_probe,/faq,30 перезагрузок каждые 600 мс,,28,59,,,,200,ok,310,,,False,
2026-08-01T02:08:59.279Z,reload_probe,/faq,30 перезагрузок каждые 600 мс,,29,60,,,,200,ok,311,,,False,
2026-08-01T02:09:00.191Z,reload_probe,/faq,30 перезагрузок каждые 600 мс,,30,61,,,,200,ok,309,,,False,
2026-08-01T02:09:21.105Z,reload_probe,/cards,первый заход,,0,62,,,,200,ok,470,,,False,
2026-08-01T02:09:21.576Z,reload_probe,/cards,20 перезагрузок каждые 1000 мс,,1,63,,,,200,ok,536,,,False,
2026-08-01T02:09:23.114Z,reload_probe,/cards,20 перезагрузок каждые 1000 мс,,2,64,,,,200,ok,464,,,False,
2026-08-01T02:09:24.579Z,reload_probe,/cards,20 перезагрузок каждые 1000 мс,,3,65,,,,200,ok,430,,,False,
2026-08-01T02:09:26.010Z,reload_probe,/cards,20 перезагрузок каждые 1000 мс,,4,66,,,,200,ok,461,,,False,
2026-08-01T02:09:27.473Z,reload_probe,/cards,20 перезагрузок каждые 1000 мс,,5,67,,,,200,ok,384,,,False,
2026-08-01T02:09:28.864Z,reload_probe,/cards,20 перезагрузок каждые 1000 мс,,6,68,,,,200,ok,438,,,False,
2026-08-01T02:09:30.303Z,reload_probe,/cards,20 перезагрузок каждые 1000 мс,,7,69,,,,200,ok,385,,,False,
2026-08-01T02:09:31.689Z,reload_probe,/cards,20 перезагрузок каждые 1000 мс,,8,70,,,,200,ok,464,,,False,
2026-08-01T02:09:33.155Z,reload_probe,/cards,20 перезагрузок каждые 1000 мс,,9,71,,,,200,ok,458,,,False,
2026-08-01T02:09:34.615Z,reload_probe,/cards,20 перезагрузок каждые 1000 мс,,10,72,,,,200,ok,482,,,False,
2026-08-01T02:09:36.102Z,reload_probe,/cards,20 перезагрузок каждые 1000 мс,,11,73,,,,200,ok,450,,,False,
2026-08-01T02:09:37.555Z,reload_probe,/cards,20 перезагрузок каждые 1000 мс,,12,74,,,,200,ok,425,,,False,
2026-08-01T02:09:38.982Z,reload_probe,/cards,20 перезагрузок каждые 1000 мс,,13,75,,,,200,ok,459,,,False,
2026-08-01T02:09:40.443Z,reload_probe,/cards,20 перезагрузок каждые 1000 мс,,14,76,,,,200,ok,475,,,False,
2026-08-01T02:09:41.922Z,reload_probe,/cards,20 перезагрузок каждые 1000 мс,,15,77,,,,200,ok,467,,,False,
2026-08-01T02:09:43.391Z,reload_probe,/cards,20 перезагрузок каждые 1000 мс,,16,78,,,,200,ok,466,,,False,
2026-08-01T02:09:44.858Z,reload_probe,/cards,20 перезагрузок каждые 1000 мс,,17,79,,,,200,ok,475,,,False,
2026-08-01T02:09:46.334Z,reload_probe,/cards,20 перезагрузок каждые 1000 мс,,18,80,,,,200,ok,456,,,False,
2026-08-01T02:09:47.791Z,reload_probe,/cards,20 перезагрузок каждые 1000 мс,,19,81,,,,200,ok,474,,,False,
2026-08-01T02:09:49.267Z,reload_probe,/cards,20 перезагрузок каждые 1000 мс,,20,82,,,,200,ok,463,,,False,
2026-08-01T02:10:10.732Z,reload_probe,/trades,первый заход,,0,83,,,,200,ok,565,,,False,
2026-08-01T02:10:11.298Z,reload_probe,/trades,20 перезагрузок каждые 1000 мс,,1,84,,,,200,ok,273,,,False,
2026-08-01T02:10:12.572Z,reload_probe,/trades,20 перезагрузок каждые 1000 мс,,2,85,,,,200,ok,298,,,False,
2026-08-01T02:10:13.871Z,reload_probe,/trades,20 перезагрузок каждые 1000 мс,,3,86,,,,200,ok,313,,,False,
2026-08-01T02:10:15.186Z,reload_probe,/trades,20 перезагрузок каждые 1000 мс,,4,87,,,,200,ok,349,,,False,
2026-08-01T02:10:16.537Z,reload_probe,/trades,20 перезагрузок каждые 1000 мс,,5,88,,,,200,ok,334,,,False,
2026-08-01T02:10:17.874Z,reload_probe,/trades,20 перезагрузок каждые 1000 мс,,6,89,,,,200,ok,292,,,False,
2026-08-01T02:10:19.167Z,reload_probe,/trades,20 перезагрузок каждые 1000 мс,,7,90,,,,200,ok,284,,,False,
2026-08-01T02:10:20.452Z,reload_probe,/trades,20 перезагрузок каждые 1000 мс,,8,91,,,,200,ok,326,,,False,
2026-08-01T02:10:21.779Z,reload_probe,/trades,20 перезагрузок каждые 1000 мс,,9,92,,,,200,ok,323,,,False,
2026-08-01T02:10:23.104Z,reload_probe,/trades,20 перезагрузок каждые 1000 мс,,10,93,,,,200,ok,321,,,False,
2026-08-01T02:10:24.427Z,reload_probe,/trades,20 перезагрузок каждые 1000 мс,,11,94,,,,200,ok,321,,,False,
2026-08-01T02:10:25.754Z,reload_probe,/trades,20 перезагрузок каждые 1000 мс,,12,95,,,,200,ok,319,,,False,
2026-08-01T02:10:27.075Z,reload_probe,/trades,20 перезагрузок каждые 1000 мс,,13,96,,,,200,ok,313,,,False,
2026-08-01T02:10:28.390Z,reload_probe,/trades,20 перезагрузок каждые 1000 мс,,14,97,,,,200,ok,324,,,False,
2026-08-01T02:10:29.716Z,reload_probe,/trades,20 перезагрузок каждые 1000 мс,,15,98,,,,200,ok,396,,,False,
2026-08-01T02:10:31.113Z,reload_probe,/trades,20 перезагрузок каждые 1000 мс,,16,99,,,,200,ok,332,,,False,
2026-08-01T02:10:32.447Z,reload_probe,/trades,20 перезагрузок каждые 1000 мс,,17,100,,,,200,ok,318,,,False,
2026-08-01T02:10:33.766Z,reload_probe,/trades,20 перезагрузок каждые 1000 мс,,18,101,,,,200,ok,325,,,False,
2026-08-01T02:10:35.092Z,reload_probe,/trades,20 перезагрузок каждые 1000 мс,,19,102,,,,200,ok,314,,,False,
2026-08-01T02:10:36.407Z,reload_probe,/trades,20 перезагрузок каждые 1000 мс,,20,103,,,,200,ok,317,,,False,
2026-08-01T02:11:28.047Z,reload_hammer,/faq,без пауз,,1,1,,,,200,ok,252,,,False,
2026-08-01T02:11:28.300Z,reload_hammer,/faq,без пауз,,2,2,,,,200,ok,273,,,False,
2026-08-01T02:11:28.573Z,reload_hammer,/faq,без пауз,,3,3,,,,200,ok,278,,,False,
2026-08-01T02:11:28.852Z,reload_hammer,/faq,без пауз,,4,4,,,,200,ok,280,,,False,
2026-08-01T02:11:29.132Z,reload_hammer,/faq,без пауз,,5,5,,,,200,ok,296,,,False,
2026-08-01T02:11:29.428Z,reload_hammer,/faq,без пауз,,6,6,,,,200,ok,266,,,False,
2026-08-01T02:11:29.695Z,reload_hammer,/faq,без пауз,,7,7,,,,200,ok,256,,,False,
2026-08-01T02:11:29.951Z,reload_hammer,/faq,без пауз,,8,8,,,,200,ok,392,,,False,
2026-08-01T02:11:30.343Z,reload_hammer,/faq,без пауз,,9,9,,,,200,ok,264,,,False,
2026-08-01T02:11:30.609Z,reload_hammer,/faq,без пауз,,10,10,,,,200,ok,255,,,False,
2026-08-01T02:11:30.864Z,reload_hammer,/faq,без пауз,,11,11,,,,200,ok,350,,,False,
2026-08-01T02:11:31.214Z,reload_hammer,/faq,без пауз,,12,12,,,,200,ok,250,,,False,
2026-08-01T02:11:31.464Z,reload_hammer,/faq,без пауз,,13,13,,,,200,ok,257,,,False,
2026-08-01T02:11:31.722Z,reload_hammer,/faq,без пауз,,14,14,,,,200,ok,253,,,False,
2026-08-01T02:11:31.976Z,reload_hammer,/faq,без пауз,,15,15,,,,200,ok,255,,,False,
2026-08-01T02:11:32.231Z,reload_hammer,/faq,без пауз,,16,16,,,,200,ok,294,,,False,
2026-08-01T02:11:32.526Z,reload_hammer,/faq,без пауз,,17,17,,,,200,ok,253,,,False,
2026-08-01T02:11:32.779Z,reload_hammer,/faq,без пауз,,18,18,,,,200,ok,257,,,False,
2026-08-01T02:11:33.037Z,reload_hammer,/faq,без пауз,,19,19,,,,200,ok,286,,,False,
2026-08-01T02:11:33.326Z,reload_hammer,/faq,без пауз,,20,20,,,,200,ok,257,,,False,
2026-08-01T02:11:33.587Z,reload_hammer,/faq,без пауз,,21,21,,,,200,ok,266,,,False,
2026-08-01T02:11:33.854Z,reload_hammer,/faq,без пауз,,22,22,,,,200,ok,250,,,False,
2026-08-01T02:11:34.105Z,reload_hammer,/faq,без пауз,,23,23,,,,200,ok,258,,,False,
2026-08-01T02:11:34.364Z,reload_hammer,/faq,без пауз,,24,24,,,,200,ok,264,,,False,
2026-08-01T02:11:34.628Z,reload_hammer,/faq,без пауз,,25,25,,,,200,ok,253,,,False,
2026-08-01T02:11:34.882Z,reload_hammer,/faq,без пауз,,26,26,,,,200,ok,265,,,False,
2026-08-01T02:11:35.150Z,reload_hammer,/faq,без пауз,,27,27,,,,200,ok,264,,,False,
2026-08-01T02:11:35.414Z,reload_hammer,/faq,без пауз,,28,28,,,,200,ok,252,,,False,
2026-08-01T02:11:35.666Z,reload_hammer,/faq,без пауз,,29,29,,,,200,ok,256,,,False,
2026-08-01T02:11:35.923Z,reload_hammer,/faq,без пауз,,30,30,,,,200,ok,263,,,False,
2026-08-01T02:11:36.187Z,reload_hammer,/faq,без пауз,,31,31,,,,200,ok,256,,,False,
2026-08-01T02:11:36.443Z,reload_hammer,/faq,без пауз,,32,32,,,,200,ok,253,,,False,
2026-08-01T02:11:36.701Z,reload_hammer,/faq,без пауз,,33,33,,,,200,ok,261,,,False,
2026-08-01T02:11:36.962Z,reload_hammer,/faq,без пауз,,34,34,,,,200,ok,258,,,False,
2026-08-01T02:11:37.220Z,reload_hammer,/faq,без пауз,,35,35,,,,200,ok,264,,,False,
2026-08-01T02:11:37.485Z,reload_hammer,/faq,без пауз,,36,36,,,,200,ok,269,,,False,
2026-08-01T02:11:37.754Z,reload_hammer,/faq,без пауз,,37,37,,,,200,ok,257,,,False,
2026-08-01T02:11:38.011Z,reload_hammer,/faq,без пауз,,38,38,,,,200,ok,256,,,False,
2026-08-01T02:11:38.271Z,reload_hammer,/faq,без пауз,,39,39,,,,200,ok,258,,,False,
2026-08-01T02:11:38.529Z,reload_hammer,/faq,без пауз,,40,40,,,,200,ok,251,,,False,
2026-08-01T02:11:38.781Z,reload_hammer,/faq,без пауз,,41,41,,,,200,ok,254,,,False,
2026-08-01T02:11:39.039Z,reload_hammer,/faq,без пауз,,42,42,,,,200,ok,249,,,False,
2026-08-01T02:11:39.289Z,reload_hammer,/faq,без пауз,,43,43,,,,200,ok,252,,,False,
2026-08-01T02:11:39.541Z,reload_hammer,/faq,без пауз,,44,44,,,,200,ok,258,,,False,
2026-08-01T02:11:39.803Z,reload_hammer,/faq,без пауз,,45,45,,,,200,ok,267,,,False,
2026-08-01T02:11:40.070Z,reload_hammer,/faq,без пауз,,46,46,,,,200,ok,259,,,False,
2026-08-01T02:11:40.330Z,reload_hammer,/faq,без пауз,,47,47,,,,200,ok,256,,,False,
2026-08-01T02:11:40.586Z,reload_hammer,/faq,без пауз,,48,48,,,,200,ok,426,,,False,
2026-08-01T02:11:41.013Z,reload_hammer,/faq,без пауз,,49,49,,,,200,ok,266,,,False,
2026-08-01T02:11:41.279Z,reload_hammer,/faq,без пауз,,50,50,,,,429,rate_limited,178,,,True,
2026-08-01T02:12:26.273Z,recovery,/faq,,,1,,0,,,200,ok,371,33105,,,
2026-08-01T02:13:19.237Z,rate_ladder,/faq,,≈1 запрос/с,1,,,,,200,ok,396,33105,,,
2026-08-01T02:13:20.336Z,rate_ladder,/faq,,≈1 запрос/с,2,,,,,200,ok,166,33105,,,
2026-08-01T02:13:21.203Z,rate_ladder,/faq,,≈1 запрос/с,3,,,,,200,ok,163,33105,,,
2026-08-01T02:13:22.070Z,rate_ladder,/faq,,≈1 запрос/с,4,,,,,200,ok,167,33105,,,
2026-08-01T02:13:22.939Z,rate_ladder,/faq,,≈1 запрос/с,5,,,,,200,ok,164,33105,,,
2026-08-01T02:13:23.805Z,rate_ladder,/faq,,≈1 запрос/с,6,,,,,200,ok,172,33105,,,
2026-08-01T02:13:24.678Z,rate_ladder,/faq,,≈1 запрос/с,7,,,,,200,ok,173,33105,,,
2026-08-01T02:13:25.554Z,rate_ladder,/faq,,≈1 запрос/с,8,,,,,200,ok,177,33105,,,
2026-08-01T02:13:26.433Z,rate_ladder,/faq,,≈1 запрос/с,9,,,,,200,ok,164,33105,,,
2026-08-01T02:13:27.298Z,rate_ladder,/faq,,≈1 запрос/с,10,,,,,200,ok,164,33105,,,
2026-08-01T02:13:28.164Z,rate_ladder,/faq,,≈1 запрос/с,11,,,,,200,ok,162,33105,,,
2026-08-01T02:13:29.027Z,rate_ladder,/faq,,≈1 запрос/с,12,,,,,200,ok,176,33105,,,
2026-08-01T02:13:29.905Z,rate_ladder,/faq,,≈1 запрос/с,13,,,,,200,ok,172,33105,,,
2026-08-01T02:13:30.778Z,rate_ladder,/faq,,≈1 запрос/с,14,,,,,200,ok,294,33105,,,
2026-08-01T02:13:31.774Z,rate_ladder,/faq,,≈1 запрос/с,15,,,,,200,ok,165,33105,,,
2026-08-01T02:13:32.640Z,rate_ladder,/faq,,≈1 запрос/с,16,,,,,200,ok,175,33105,,,
2026-08-01T02:13:33.516Z,rate_ladder,/faq,,≈1 запрос/с,17,,,,,200,ok,163,33105,,,
2026-08-01T02:13:34.381Z,rate_ladder,/faq,,≈1 запрос/с,18,,,,,200,ok,160,33105,,,
2026-08-01T02:13:35.242Z,rate_ladder,/faq,,≈1 запрос/с,19,,,,,200,ok,163,33105,,,
2026-08-01T02:13:36.106Z,rate_ladder,/faq,,≈1 запрос/с,20,,,,,200,ok,165,33105,,,
2026-08-01T02:13:36.974Z,rate_ladder,/faq,,≈1 запрос/с,21,,,,,200,ok,166,33105,,,
2026-08-01T02:13:37.841Z,rate_ladder,/faq,,≈1 запрос/с,22,,,,,200,ok,176,33105,,,
2026-08-01T02:13:38.719Z,rate_ladder,/faq,,≈1 запрос/с,23,,,,,200,ok,165,33105,,,
2026-08-01T02:13:39.585Z,rate_ladder,/faq,,≈1 запрос/с,24,,,,,200,ok,161,33105,,,
2026-08-01T02:13:40.448Z,rate_ladder,/faq,,≈1 запрос/с,25,,,,,200,ok,161,33105,,,
2026-08-01T02:13:41.311Z,rate_ladder,/faq,,≈1 запрос/с,26,,,,,200,ok,171,33105,,,
2026-08-01T02:13:42.183Z,rate_ladder,/faq,,≈1 запрос/с,27,,,,,200,ok,176,33105,,,
2026-08-01T02:13:43.061Z,rate_ladder,/faq,,≈1 запрос/с,28,,,,,200,ok,166,33105,,,
2026-08-01T02:13:43.929Z,rate_ladder,/faq,,≈1 запрос/с,29,,,,,200,ok,162,33105,,,
2026-08-01T02:13:44.793Z,rate_ladder,/faq,,≈1 запрос/с,30,,,,,200,ok,160,33105,,,
2026-08-01T02:13:45.655Z,rate_ladder,/faq,,≈1 запрос/с,31,,,,,200,ok,164,33105,,,
2026-08-01T02:13:46.521Z,rate_ladder,/faq,,≈1 запрос/с,32,,,,,200,ok,165,33105,,,
2026-08-01T02:13:47.387Z,rate_ladder,/faq,,≈1 запрос/с,33,,,,,200,ok,169,33105,,,
2026-08-01T02:13:48.256Z,rate_ladder,/faq,,≈1 запрос/с,34,,,,,200,ok,173,33105,,,
2026-08-01T02:13:49.130Z,rate_ladder,/faq,,≈1 запрос/с,35,,,,,200,ok,175,33105,,,
2026-08-01T02:13:50.006Z,rate_ladder,/faq,,≈1 запрос/с,36,,,,,200,ok,170,33105,,,
2026-08-01T02:13:50.877Z,rate_ladder,/faq,,≈1 запрос/с,37,,,,,200,ok,270,33105,,,
2026-08-01T02:13:51.850Z,rate_ladder,/faq,,≈1 запрос/с,38,,,,,200,ok,163,33105,,,
2026-08-01T02:13:52.714Z,rate_ladder,/faq,,≈1 запрос/с,39,,,,,200,ok,167,33105,,,
2026-08-01T02:13:53.583Z,rate_ladder,/faq,,≈1 запрос/с,40,,,,,200,ok,197,33105,,,
2026-08-01T02:13:54.482Z,rate_ladder,/faq,,≈1 запрос/с,41,,,,,200,ok,163,33105,,,
2026-08-01T02:13:55.347Z,rate_ladder,/faq,,≈1 запрос/с,42,,,,,200,ok,170,33105,,,
2026-08-01T02:13:56.220Z,rate_ladder,/faq,,≈1 запрос/с,43,,,,,200,ok,176,33105,,,
2026-08-01T02:13:57.097Z,rate_ladder,/faq,,≈1 запрос/с,44,,,,,200,ok,164,33105,,,
2026-08-01T02:13:57.964Z,rate_ladder,/faq,,≈1 запрос/с,45,,,,,200,ok,166,33105,,,
2026-08-01T02:13:58.832Z,rate_ladder,/faq,,≈1 запрос/с,46,,,,,200,ok,168,33105,,,
2026-08-01T02:13:59.701Z,rate_ladder,/faq,,≈1 запрос/с,47,,,,,200,ok,169,33105,,,
2026-08-01T02:14:00.572Z,rate_ladder,/faq,,≈1 запрос/с,48,,,,,200,ok,166,33105,,,
2026-08-01T02:14:01.440Z,rate_ladder,/faq,,≈1 запрос/с,49,,,,,200,ok,167,33105,,,
2026-08-01T02:14:02.309Z,rate_ladder,/faq,,≈1 запрос/с,50,,,,,200,ok,169,33105,,,
2026-08-01T02:14:03.179Z,rate_ladder,/faq,,≈1 запрос/с,51,,,,,200,ok,215,33105,,,
2026-08-01T02:14:04.097Z,rate_ladder,/faq,,≈1 запрос/с,52,,,,,200,ok,224,33105,,,
2026-08-01T02:14:05.022Z,rate_ladder,/faq,,≈1 запрос/с,53,,,,,200,ok,217,33105,,,
2026-08-01T02:14:05.941Z,rate_ladder,/faq,,≈1 запрос/с,54,,,,,200,ok,214,33105,,,
2026-08-01T02:14:06.854Z,rate_ladder,/faq,,≈1 запрос/с,55,,,,,200,ok,223,33105,,,
2026-08-01T02:14:07.777Z,rate_ladder,/faq,,≈1 запрос/с,56,,,,,200,ok,216,33105,,,
2026-08-01T02:14:08.694Z,rate_ladder,/faq,,≈1 запрос/с,57,,,,,200,ok,223,33105,,,
2026-08-01T02:14:09.617Z,rate_ladder,/faq,,≈1 запрос/с,58,,,,,200,ok,167,33105,,,
2026-08-01T02:14:10.484Z,rate_ladder,/faq,,≈1 запрос/с,59,,,,,200,ok,166,33105,,,
2026-08-01T02:14:11.350Z,rate_ladder,/faq,,≈1 запрос/с,60,,,,,200,ok,164,33105,,,
2026-08-01T02:14:57.190Z,rate_ladder,/faq,,≈2 запроса/с,1,,,,,200,ok,252,33105,,,
2026-08-01T02:14:57.645Z,rate_ladder,/faq,,≈2 запроса/с,2,,,,,200,ok,179,33105,,,
2026-08-01T02:14:58.026Z,rate_ladder,/faq,,≈2 запроса/с,3,,,,,200,ok,209,33105,,,
2026-08-01T02:14:58.435Z,rate_ladder,/faq,,≈2 запроса/с,4,,,,,200,ok,251,33105,,,
2026-08-01T02:14:58.888Z,rate_ladder,/faq,,≈2 запроса/с,5,,,,,200,ok,254,33105,,,
2026-08-01T02:14:59.343Z,rate_ladder,/faq,,≈2 запроса/с,6,,,,,200,ok,260,33105,,,
2026-08-01T02:14:59.806Z,rate_ladder,/faq,,≈2 запроса/с,7,,,,,200,ok,253,33105,,,
2026-08-01T02:15:00.260Z,rate_ladder,/faq,,≈2 запроса/с,8,,,,,200,ok,222,33105,,,
2026-08-01T02:15:00.682Z,rate_ladder,/faq,,≈2 запроса/с,9,,,,,200,ok,176,33105,,,
2026-08-01T02:15:01.060Z,rate_ladder,/faq,,≈2 запроса/с,10,,,,,200,ok,274,33105,,,
2026-08-01T02:15:01.539Z,rate_ladder,/faq,,≈2 запроса/с,11,,,,,200,ok,248,33105,,,
2026-08-01T02:15:01.989Z,rate_ladder,/faq,,≈2 запроса/с,12,,,,,200,ok,263,33105,,,
2026-08-01T02:15:02.453Z,rate_ladder,/faq,,≈2 запроса/с,13,,,,,200,ok,247,33105,,,
2026-08-01T02:15:02.903Z,rate_ladder,/faq,,≈2 запроса/с,14,,,,,200,ok,221,33105,,,
2026-08-01T02:15:03.325Z,rate_ladder,/faq,,≈2 запроса/с,15,,,,,200,ok,175,33105,,,
2026-08-01T02:15:03.702Z,rate_ladder,/faq,,≈2 запроса/с,16,,,,,200,ok,276,33105,,,
2026-08-01T02:15:04.181Z,rate_ladder,/faq,,≈2 запроса/с,17,,,,,200,ok,255,33105,,,
2026-08-01T02:15:04.637Z,rate_ladder,/faq,,≈2 запроса/с,18,,,,,200,ok,261,33105,,,
2026-08-01T02:15:05.100Z,rate_ladder,/faq,,≈2 запроса/с,19,,,,,200,ok,268,33105,,,
2026-08-01T02:15:05.570Z,rate_ladder,/faq,,≈2 запроса/с,20,,,,,200,ok,268,33105,,,
2026-08-01T02:15:06.039Z,rate_ladder,/faq,,≈2 запроса/с,21,,,,,200,ok,211,33105,,,
2026-08-01T02:15:06.451Z,rate_ladder,/faq,,≈2 запроса/с,22,,,,,200,ok,163,33105,,,
2026-08-01T02:15:06.816Z,rate_ladder,/faq,,≈2 запроса/с,23,,,,,200,ok,235,33105,,,
2026-08-01T02:15:07.252Z,rate_ladder,/faq,,≈2 запроса/с,24,,,,,200,ok,249,33105,,,
2026-08-01T02:15:07.703Z,rate_ladder,/faq,,≈2 запроса/с,25,,,,,200,ok,246,33105,,,
2026-08-01T02:15:08.151Z,rate_ladder,/faq,,≈2 запроса/с,26,,,,,200,ok,188,33105,,,
2026-08-01T02:15:08.541Z,rate_ladder,/faq,,≈2 запроса/с,27,,,,,200,ok,177,33105,,,
2026-08-01T02:15:08.920Z,rate_ladder,/faq,,≈2 запроса/с,28,,,,,200,ok,245,33105,,,
2026-08-01T02:15:09.368Z,rate_ladder,/faq,,≈2 запроса/с,29,,,,,200,ok,258,33105,,,
2026-08-01T02:15:09.826Z,rate_ladder,/faq,,≈2 запроса/с,30,,,,,200,ok,270,33105,,,
2026-08-01T02:15:10.298Z,rate_ladder,/faq,,≈2 запроса/с,31,,,,,200,ok,286,33105,,,
2026-08-01T02:15:10.786Z,rate_ladder,/faq,,≈2 запроса/с,32,,,,,200,ok,342,33105,,,
2026-08-01T02:15:11.330Z,rate_ladder,/faq,,≈2 запроса/с,33,,,,,200,ok,273,33105,,,
2026-08-01T02:15:11.808Z,rate_ladder,/faq,,≈2 запроса/с,34,,,,,200,ok,398,33105,,,
2026-08-01T02:15:12.407Z,rate_ladder,/faq,,≈2 запроса/с,35,,,,,200,ok,227,33105,,,
2026-08-01T02:15:12.835Z,rate_ladder,/faq,,≈2 запроса/с,36,,,,,200,ok,217,33105,,,
2026-08-01T02:15:13.254Z,rate_ladder,/faq,,≈2 запроса/с,37,,,,,200,ok,163,33105,,,
2026-08-01T02:15:13.618Z,rate_ladder,/faq,,≈2 запроса/с,38,,,,,200,ok,228,33105,,,
2026-08-01T02:15:14.048Z,rate_ladder,/faq,,≈2 запроса/с,39,,,,,200,ok,233,33105,,,
2026-08-01T02:15:14.484Z,rate_ladder,/faq,,≈2 запроса/с,40,,,,,200,ok,231,33105,,,
2026-08-01T02:15:14.917Z,rate_ladder,/faq,,≈2 запроса/с,41,,,,,200,ok,198,33105,,,
2026-08-01T02:15:15.316Z,rate_ladder,/faq,,≈2 запроса/с,42,,,,,200,ok,536,33105,,,
2026-08-01T02:15:16.054Z,rate_ladder,/faq,,≈2 запроса/с,43,,,,,200,ok,254,33105,,,
2026-08-01T02:15:16.512Z,rate_ladder,/faq,,≈2 запроса/с,44,,,,,200,ok,219,33105,,,
2026-08-01T02:15:16.932Z,rate_ladder,/faq,,≈2 запроса/с,45,,,,,200,ok,182,33105,,,
2026-08-01T02:15:17.315Z,rate_ladder,/faq,,≈2 запроса/с,46,,,,,200,ok,256,33105,,,
2026-08-01T02:15:17.772Z,rate_ladder,/faq,,≈2 запроса/с,47,,,,,200,ok,264,33105,,,
2026-08-01T02:15:18.238Z,rate_ladder,/faq,,≈2 запроса/с,48,,,,,200,ok,255,33105,,,
2026-08-01T02:15:18.694Z,rate_ladder,/faq,,≈2 запроса/с,49,,,,,200,ok,256,33105,,,
2026-08-01T02:15:19.153Z,rate_ladder,/faq,,≈2 запроса/с,50,,,,,200,ok,217,33105,,,
2026-08-01T02:15:19.572Z,rate_ladder,/faq,,≈2 запроса/с,51,,,,,200,ok,177,33105,,,
2026-08-01T02:15:19.951Z,rate_ladder,/faq,,≈2 запроса/с,52,,,,,200,ok,282,33105,,,
2026-08-01T02:15:20.434Z,rate_ladder,/faq,,≈2 запроса/с,53,,,,,200,ok,263,33105,,,
2026-08-01T02:15:20.899Z,rate_ladder,/faq,,≈2 запроса/с,54,,,,,200,ok,293,33105,,,
2026-08-01T02:15:21.394Z,rate_ladder,/faq,,≈2 запроса/с,55,,,,,200,ok,257,33105,,,
2026-08-01T02:15:21.852Z,rate_ladder,/faq,,≈2 запроса/с,56,,,,,200,ok,270,33105,,,
2026-08-01T02:15:22.324Z,rate_ladder,/faq,,≈2 запроса/с,57,,,,,200,ok,257,33105,,,
2026-08-01T02:15:22.783Z,rate_ladder,/faq,,≈2 запроса/с,58,,,,,200,ok,184,33105,,,
2026-08-01T02:15:23.169Z,rate_ladder,/faq,,≈2 запроса/с,59,,,,,200,ok,226,33105,,,
2026-08-01T02:15:23.597Z,rate_ladder,/faq,,≈2 запроса/с,60,,,,,200,ok,258,33105,,,
2026-08-01T02:16:09.057Z,rate_ladder,/faq,,≈3 запроса/с,1,,,,,200,ok,179,33105,,,
2026-08-01T02:16:09.268Z,rate_ladder,/faq,,≈3 запроса/с,2,,,,,200,ok,178,33105,,,
2026-08-01T02:16:09.478Z,rate_ladder,/faq,,≈3 запроса/с,3,,,,,200,ok,174,33105,,,
2026-08-01T02:16:09.684Z,rate_ladder,/faq,,≈3 запроса/с,4,,,,,200,ok,179,33105,,,
2026-08-01T02:16:09.895Z,rate_ladder,/faq,,≈3 запроса/с,5,,,,,200,ok,174,33105,,,
2026-08-01T02:16:10.102Z,rate_ladder,/faq,,≈3 запроса/с,6,,,,,200,ok,177,33105,,,
2026-08-01T02:16:10.311Z,rate_ladder,/faq,,≈3 запроса/с,7,,,,,200,ok,188,33105,,,
2026-08-01T02:16:10.531Z,rate_ladder,/faq,,≈3 запроса/с,8,,,,,200,ok,177,33105,,,
2026-08-01T02:16:10.740Z,rate_ladder,/faq,,≈3 запроса/с,9,,,,,200,ok,175,33105,,,
2026-08-01T02:16:10.946Z,rate_ladder,/faq,,≈3 запроса/с,10,,,,,200,ok,183,33105,,,
2026-08-01T02:16:11.161Z,rate_ladder,/faq,,≈3 запроса/с,11,,,,,200,ok,171,33105,,,
2026-08-01T02:16:11.364Z,rate_ladder,/faq,,≈3 запроса/с,12,,,,,200,ok,173,33105,,,
2026-08-01T02:16:11.568Z,rate_ladder,/faq,,≈3 запроса/с,13,,,,,200,ok,179,33105,,,
2026-08-01T02:16:11.779Z,rate_ladder,/faq,,≈3 запроса/с,14,,,,,200,ok,176,33105,,,
2026-08-01T02:16:11.986Z,rate_ladder,/faq,,≈3 запроса/с,15,,,,,200,ok,176,33105,,,
2026-08-01T02:16:12.194Z,rate_ladder,/faq,,≈3 запроса/с,16,,,,,200,ok,250,33105,,,
2026-08-01T02:16:12.475Z,rate_ladder,/faq,,≈3 запроса/с,17,,,,,200,ok,178,33105,,,
2026-08-01T02:16:12.683Z,rate_ladder,/faq,,≈3 запроса/с,18,,,,,200,ok,175,33105,,,
2026-08-01T02:16:12.890Z,rate_ladder,/faq,,≈3 запроса/с,19,,,,,200,ok,176,33105,,,
2026-08-01T02:16:13.098Z,rate_ladder,/faq,,≈3 запроса/с,20,,,,,200,ok,175,33105,,,
2026-08-01T02:16:13.305Z,rate_ladder,/faq,,≈3 запроса/с,21,,,,,200,ok,167,33105,,,
2026-08-01T02:16:13.503Z,rate_ladder,/faq,,≈3 запроса/с,22,,,,,200,ok,176,33105,,,
2026-08-01T02:16:13.710Z,rate_ladder,/faq,,≈3 запроса/с,23,,,,,200,ok,164,33105,,,
2026-08-01T02:16:13.906Z,rate_ladder,/faq,,≈3 запроса/с,24,,,,,200,ok,172,33105,,,
2026-08-01T02:16:14.111Z,rate_ladder,/faq,,≈3 запроса/с,25,,,,,200,ok,169,33105,,,
2026-08-01T02:16:14.312Z,rate_ladder,/faq,,≈3 запроса/с,26,,,,,200,ok,173,33105,,,
2026-08-01T02:16:14.516Z,rate_ladder,/faq,,≈3 запроса/с,27,,,,,200,ok,175,33105,,,
2026-08-01T02:16:14.722Z,rate_ladder,/faq,,≈3 запроса/с,28,,,,,200,ok,174,33105,,,
2026-08-01T02:16:14.928Z,rate_ladder,/faq,,≈3 запроса/с,29,,,,,200,ok,166,33105,,,
2026-08-01T02:16:15.125Z,rate_ladder,/faq,,≈3 запроса/с,30,,,,,200,ok,174,33105,,,
2026-08-01T02:16:15.331Z,rate_ladder,/faq,,≈3 запроса/с,31,,,,,200,ok,172,33105,,,
2026-08-01T02:16:15.534Z,rate_ladder,/faq,,≈3 запроса/с,32,,,,,200,ok,177,33105,,,
2026-08-01T02:16:15.742Z,rate_ladder,/faq,,≈3 запроса/с,33,,,,,200,ok,172,33105,,,
2026-08-01T02:16:15.946Z,rate_ladder,/faq,,≈3 запроса/с,34,,,,,200,ok,183,33105,,,
2026-08-01T02:16:16.161Z,rate_ladder,/faq,,≈3 запроса/с,35,,,,,200,ok,178,33105,,,
2026-08-01T02:16:16.371Z,rate_ladder,/faq,,≈3 запроса/с,36,,,,,200,ok,173,33105,,,
2026-08-01T02:16:16.577Z,rate_ladder,/faq,,≈3 запроса/с,37,,,,,200,ok,173,33105,,,
2026-08-01T02:16:16.782Z,rate_ladder,/faq,,≈3 запроса/с,38,,,,,200,ok,175,33105,,,
2026-08-01T02:16:16.988Z,rate_ladder,/faq,,≈3 запроса/с,39,,,,,200,ok,174,33105,,,
2026-08-01T02:16:17.193Z,rate_ladder,/faq,,≈3 запроса/с,40,,,,,200,ok,176,33105,,,
2026-08-01T02:16:17.401Z,rate_ladder,/faq,,≈3 запроса/с,41,,,,,200,ok,180,33105,,,
2026-08-01T02:16:17.613Z,rate_ladder,/faq,,≈3 запроса/с,42,,,,,200,ok,174,33105,,,
2026-08-01T02:16:17.819Z,rate_ladder,/faq,,≈3 запроса/с,43,,,,,200,ok,172,33105,,,
2026-08-01T02:16:18.023Z,rate_ladder,/faq,,≈3 запроса/с,44,,,,,429,rate_limited,115,580,,,
2026-08-01T02:16:23.140Z,recovery_precise,/faq,,,1,,5,,,200,ok,180,,,,
2026-08-01T02:17:38.209Z,confirm_model,/faq,,,1,,,3,60,200,ok,370,,,,
2026-08-01T02:17:38.580Z,confirm_model,/faq,,,2,,,3,60,200,ok,166,,,,
2026-08-01T02:17:38.876Z,confirm_model,/faq,,,3,,,3,60,200,ok,172,,,,
2026-08-01T02:17:39.209Z,confirm_model,/faq,,,4,,,3,60,200,ok,169,,,,
2026-08-01T02:17:39.543Z,confirm_model,/faq,,,5,,,3,60,200,ok,180,,,,
2026-08-01T02:17:39.875Z,confirm_model,/faq,,,6,,,3,60,200,ok,166,,,,
2026-08-01T02:17:40.210Z,confirm_model,/faq,,,7,,,3,60,200,ok,169,,,,
2026-08-01T02:17:40.541Z,confirm_model,/faq,,,8,,,3,60,200,ok,175,,,,
2026-08-01T02:17:40.875Z,confirm_model,/faq,,,9,,,3,60,200,ok,227,,,,
2026-08-01T02:17:41.210Z,confirm_model,/faq,,,10,,,3,60,200,ok,171,,,,
2026-08-01T02:17:41.542Z,confirm_model,/faq,,,11,,,3,60,200,ok,167,,,,
2026-08-01T02:17:41.876Z,confirm_model,/faq,,,12,,,3,60,200,ok,180,,,,
2026-08-01T02:17:42.210Z,confirm_model,/faq,,,13,,,3,60,200,ok,158,,,,
2026-08-01T02:17:42.542Z,confirm_model,/faq,,,14,,,3,60,200,ok,164,,,,
2026-08-01T02:17:42.875Z,confirm_model,/faq,,,15,,,3,60,200,ok,213,,,,
2026-08-01T02:17:43.209Z,confirm_model,/faq,,,16,,,3,60,200,ok,171,,,,
2026-08-01T02:17:43.542Z,confirm_model,/faq,,,17,,,3,60,200,ok,162,,,,
2026-08-01T02:17:43.875Z,confirm_model,/faq,,,18,,,3,60,200,ok,171,,,,
2026-08-01T02:17:44.210Z,confirm_model,/faq,,,19,,,3,60,200,ok,169,,,,
2026-08-01T02:17:44.542Z,confirm_model,/faq,,,20,,,3,60,200,ok,164,,,,
2026-08-01T02:17:44.874Z,confirm_model,/faq,,,21,,,3,60,200,ok,177,,,,
2026-08-01T02:17:45.208Z,confirm_model,/faq,,,22,,,3,60,200,ok,164,,,,
2026-08-01T02:17:45.542Z,confirm_model,/faq,,,23,,,3,60,200,ok,171,,,,
2026-08-01T02:17:45.874Z,confirm_model,/faq,,,24,,,3,60,200,ok,167,,,,
2026-08-01T02:17:46.209Z,confirm_model,/faq,,,25,,,3,60,200,ok,161,,,,
2026-08-01T02:17:46.540Z,confirm_model,/faq,,,26,,,3,60,200,ok,165,,,,
2026-08-01T02:17:46.875Z,confirm_model,/faq,,,27,,,3,60,200,ok,164,,,,
2026-08-01T02:17:47.209Z,confirm_model,/faq,,,28,,,3,60,200,ok,169,,,,
2026-08-01T02:17:47.542Z,confirm_model,/faq,,,29,,,3,60,200,ok,171,,,,
2026-08-01T02:17:47.875Z,confirm_model,/faq,,,30,,,3,60,200,ok,166,,,,
2026-08-01T02:17:48.209Z,confirm_model,/faq,,,31,,,3,60,200,ok,173,,,,
2026-08-01T02:17:48.541Z,confirm_model,/faq,,,32,,,3,60,200,ok,161,,,,
2026-08-01T02:17:48.875Z,confirm_model,/faq,,,33,,,3,60,200,ok,164,,,,
2026-08-01T02:17:49.210Z,confirm_model,/faq,,,34,,,3,60,200,ok,166,,,,
2026-08-01T02:17:49.543Z,confirm_model,/faq,,,35,,,3,60,200,ok,163,,,,
2026-08-01T02:17:49.875Z,confirm_model,/faq,,,36,,,3,60,200,ok,168,,,,
2026-08-01T02:17:50.209Z,confirm_model,/faq,,,37,,,3,60,200,ok,164,,,,
2026-08-01T02:17:50.541Z,confirm_model,/faq,,,38,,,3,60,200,ok,301,,,,
2026-08-01T02:17:50.875Z,confirm_model,/faq,,,39,,,3,60,200,ok,222,,,,
2026-08-01T02:17:51.210Z,confirm_model,/faq,,,40,,,3,60,200,ok,161,,,,
2026-08-01T02:17:51.542Z,confirm_model,/faq,,,41,,,3,60,200,ok,169,,,,
2026-08-01T02:17:51.875Z,confirm_model,/faq,,,42,,,3,60,200,ok,165,,,,
2026-08-01T02:17:52.209Z,confirm_model,/faq,,,43,,,3,60,200,ok,162,,,,
2026-08-01T02:17:52.543Z,confirm_model,/faq,,,44,,,3,60,200,ok,168,,,,
2026-08-01T02:17:52.876Z,confirm_model,/faq,,,45,,,3,60,200,ok,161,,,,
2026-08-01T02:17:53.208Z,confirm_model,/faq,,,46,,,3,60,200,ok,169,,,,
2026-08-01T02:17:53.542Z,confirm_model,/faq,,,47,,,3,60,200,ok,167,,,,
2026-08-01T02:17:53.875Z,confirm_model,/faq,,,48,,,3,60,200,ok,167,,,,
2026-08-01T02:17:54.209Z,confirm_model,/faq,,,49,,,3,60,200,ok,168,,,,
2026-08-01T02:17:54.541Z,confirm_model,/faq,,,50,,,3,60,200,ok,163,,,,
2026-08-01T02:17:54.876Z,confirm_model,/faq,,,51,,,3,60,200,ok,169,,,,
2026-08-01T02:17:55.209Z,confirm_model,/faq,,,52,,,3,60,200,ok,159,,,,
2026-08-01T02:17:55.543Z,confirm_model,/faq,,,53,,,3,60,200,ok,166,,,,
2026-08-01T02:17:55.874Z,confirm_model,/faq,,,54,,,3,60,200,ok,160,,,,
2026-08-01T02:17:56.210Z,confirm_model,/faq,,,55,,,3,60,200,ok,168,,,,
2026-08-01T02:17:56.540Z,confirm_model,/faq,,,56,,,3,60,200,ok,164,,,,
2026-08-01T02:17:56.875Z,confirm_model,/faq,,,57,,,3,60,429,rate_limited,119,,,,
